{"initial_reset_timestamp": 1622707513.2322285, "timestamps": [1622707547.1413522, 1622707583.6355126, 1622707584.452791, 1622707584.9718513, 1622707585.4652116, 1622707585.4942153, 1622707585.9581654, 1622707586.438383, 1622707648.3839247, 1622707648.9360359, 1622707649.3397205, 1622707649.743861, 1622707650.1337037, 1622707650.2077525, 1622707650.5973637, 1622707650.9830835, 1622707651.3564231, 1622707651.3608336, 1622707651.760926, 1622707652.373803, 1622707652.448542, 1622707652.939651, 1622707653.5786939, 1622707654.0297692, 1622707654.6228848, 1622707654.7510455, 1622707655.488985, 1622707702.2929227, 1622707702.9657657, 1622707703.2886498, 1622707703.792421, 1622707704.2815986, 1622707704.7739844, 1622707705.2866926, 1622707705.7723203, 1622707706.2860265, 1622707706.8117328, 1622707707.3029735, 1622707707.8025575, 1622707708.3193252, 1622707708.3720386, 1622707708.8435185, 1622707709.339351, 1622707709.8348255, 1622707710.3230348, 1622707710.3844533, 1622707710.8794053, 1622707711.3459992, 1622707711.8598287, 1622707712.3362603, 1622707712.8177643, 1622707713.001231, 1622707713.4928615, 1622707713.945509, 1622707714.4473586, 1622707714.9263952, 1622707715.445112, 1622707715.9462135, 1622707716.4494135, 1622707716.9327312, 1622707717.4715712, 1622707717.9760692, 1622707718.4739745, 1622707718.9685416], "episode_lengths": [1000, 1000, 1000, 1000, 1000, 62, 1000, 1000, 1000, 1000, 1000, 1000, 1000, 203, 1000, 1000, 1000, 12, 1000, 1000, 133, 1000, 1000, 1000, 1000, 279, 1000, 1000, 1000, 656, 1000, 1000, 1000, 1000, 1000, 1000, 1000, 1000, 1000, 1000, 114, 1000, 1000, 1000, 1000, 135, 1000, 1000, 1000, 1000, 1000, 391, 1000, 1000, 1000, 1000, 1000, 1000, 1000, 1000, 1000, 1000, 1000, 1000], "episode_rewards": [877.6718950404002, 882.2941622512644, 927.9242615242578, 914.2736740009706, 931.2514503493645, 48.64635889100114, 766.6474477066508, 971.2251296637569, 894.2011317237979, 913.5628765418554, 974.4088270300773, 944.2306921161747, 908.1225382655531, 118.15503358177888, 937.6210025564146, 917.6195339320855, 917.7053656269101, 11.668245989160685, 969.7044737705785, 975.2596944022636, 129.92790714010093, 963.3485623954376, 956.597077043617, 730.3290260295308, 819.2846692054974, 226.39184256943136, 968.5106734813338, 876.7672825470235, 949.3936847547611, 551.0816441806047, 918.7953543689375, 967.5320868459036, 994.3722653736756, 925.9919000417954, 939.2952339902635, 727.5662508577483, 784.3512822211558, 924.5637405132795, 967.2873305269198, 949.7504069880965, 91.41046535908443, 773.4047511385396, 932.6007338346448, 948.1649624979126, 870.740391693273, 94.35631965391165, 946.4722004827726, 664.0413543920915, 965.00551494596, 812.2518937236944, 889.3749258246704, 357.60430032716795, 957.6821244170643, 723.1985074917616, 960.7179758595769, 795.7492241298726, 941.896594812692, 969.3675270908398, 913.1659722176272, 932.0611513035471, 945.3492251359135, 937.6200756259153, 904.7456042748913, 981.2668753073164], "episode_types": ["t", "t", "t", "t", "t", "t", "t", "t", "t", "t", "t", "t", "t", "t", "t", "t", "t", "t", "t", "t", "t", "t", "t", "t", "t", "t", "t", "t", "t", "t", "t", "t", "t", "t", "t", "t", "t", "t", "t", "t", "t", "t", "t", "t", "t", "t", "t", "t", "t", "t", "t", "t", "t", "t", "t", "t", "t", "t", "t", "t", "t", "t", "t", "t", "t"]}