{"initial_reset_timestamp": 1622707017.9578373, "timestamps": [1622707043.3566403], "episode_lengths": [1000], "episode_rewards": [1.6629242265140318], "episode_types": ["t", "t"]}