{"initial_reset_timestamp": 1622716257.7319107, "timestamps": [1622716292.0930753, 1622716292.6877804, 1622716293.513155, 1622716294.0602026, 1622716294.7335622, 1622716294.7443333, 1622716294.7514784, 1622716295.3523777, 1622716333.312288, 1622716334.2649345, 1622716334.8993962, 1622716334.9076045, 1622716335.4621658, 1622716335.4958377, 1622716335.6787555, 1622716336.2085874, 1622716336.705338, 1622716337.2263057, 1622716337.2566128, 1622716337.7737017, 1622716337.8526387, 1622716338.3607097, 1622716338.861987, 1622716339.3724785, 1622716340.0207314, 1622716340.649365, 1622716341.1969464, 1622716378.1271493, 1622716378.3427675, 1622716378.9679751, 1622716379.5066037, 1622716380.0039825, 1622716380.5645387, 1622716381.101471, 1622716381.5746312, 1622716381.714, 1622716381.8603756, 1622716382.3559225, 1622716382.9214878, 1622716383.4791186, 1622716383.517855, 1622716384.0829053, 1622716384.6367733, 1622716385.1809487, 1622716385.7267516, 1622716386.255205, 1622716386.7942722, 1622716387.3137846, 1622716387.8768313, 1622716387.9582896, 1622716388.48007, 1622716388.9550521, 1622716389.453835, 1622716389.9214935, 1622716390.4161143, 1622716390.9142048, 1622716391.4005504, 1622716391.8927867, 1622716391.9968517, 1622716392.4254417, 1622716392.9428778, 1622716393.4510906, 1622716393.9672308, 1622716394.5013864, 1622716434.3356, 1622716435.0688941, 1622716435.621261, 1622716436.2521737, 1622716436.9938302, 1622716437.5985622, 1622716437.9475236, 1622716438.4564006, 1622716439.0340586, 1622716439.5482178, 1622716440.072353, 1622716440.6106975, 1622716441.1072588, 1622716441.7209382, 1622716442.3019445, 1622716442.7902548, 1622716443.2651527, 1622716443.285826, 1622716443.8228374, 1622716444.3623698, 1622716444.4044898, 1622716444.9416428, 1622716445.503559, 1622716446.0332305, 1622716446.5618434, 1622716447.106372, 1622716447.6230218, 1622716448.1476884, 1622716448.674745, 1622716449.1896255, 1622716449.7094393, 1622716450.2116115, 1622716450.255857, 1622716450.7825828, 1622716451.298802, 1622716451.8181148, 1622716452.341899, 1622716452.8832603, 1622716453.393804, 1622716453.9281416, 1622716454.4824953, 1622716455.0784173, 1622716455.6306424, 1622716456.1608686, 1622716456.67666, 1622716456.7122784, 1622716457.2587914, 1622716457.7789614, 1622716458.273738, 1622716458.758566, 1622716459.3357303, 1622716459.8915699, 1622716460.406463, 1622716460.9141095, 1622716461.426743, 1622716461.967498, 1622716462.4567199, 1622716462.9552245, 1622716463.477272, 1622716463.5505023, 1622716464.0867724], "episode_lengths": [1000, 12, 1000, 1000, 1000, 18, 12, 1000, 1000, 1000, 1000, 17, 1000, 70, 366, 1000, 1000, 1000, 67, 1000, 157, 1000, 1000, 1000, 1000, 1000, 1000, 1000, 73, 1000, 1000, 1000, 1000, 1000, 1000, 294, 280, 1000, 1000, 1000, 75, 1000, 1000, 1000, 1000, 1000, 1000, 1000, 1000, 153, 1000, 1000, 1000, 1000, 1000, 1000, 1000, 1000, 224, 949, 1000, 1000, 1000, 1000, 1000, 1000, 1000, 1000, 1000, 1000, 714, 1000, 1000, 1000, 1000, 1000, 1000, 1000, 1000, 1000, 1000, 46, 1000, 1000, 86, 1000, 1000, 1000, 1000, 1000, 1000, 1000, 1000, 1000, 1000, 1000, 93, 1000, 1000, 1000, 1000, 1000, 1000, 1000, 1000, 1000, 1000, 1000, 1000, 72, 1000, 1000, 1000, 1000, 1000, 1000, 1000, 1000, 1000, 1000, 1000, 1000, 1000, 159, 1000], "episode_rewards": [929.8500700826982, 6.271495653707251, 954.8198898662773, 858.2899552916152, 856.4221657656899, 0.06362884708386107, -10.37352600878641, 967.6458128020017, 908.8921092336575, 905.4896934344805, 874.0212424765958, 4.827768545703834, 794.0176451275192, 50.05908455651443, 289.17253688034805, 933.0960093359436, 967.1244385352094, 805.3000484949929, 55.44087997990295, 867.8813515050905, 131.43316684605017, 971.2986473567948, 920.6602628754838, 848.1358947943548, 803.4749019807496, 817.7027318816173, 943.9213547550291, 933.2589864249802, 58.18376534626967, 968.7949724053275, 958.0646002687992, 891.0219359644708, 1002.800986896143, 924.2790269577765, 801.0221409800787, 279.5488352922354, 238.7498330453337, 799.628430048973, 937.2440996144221, 931.1858947776378, 18.87275556909501, 948.964182586094, 940.3742875753808, 944.3499206501687, 785.6712525433624, 772.2988739429395, 934.378496768272, 766.5983153824448, 960.4397613266932, 59.080565444034605, 936.4892276912069, 828.003202737796, 949.2922144660926, 891.481407465825, 943.6826915389391, 950.7745810536392, 992.2851273467685, 975.3431760440579, 162.65659431583993, 682.4231503043019, 942.0015649182914, 903.7399057515092, 978.5505767812384, 964.4423417918049, 944.711924685393, 999.252473910963, 979.5978241744244, 895.0991128339073, 950.8159609955025, 935.6609296957329, 513.6877337582802, 963.8330945895293, 942.28315698044, 763.995506184875, 882.3996531788171, 983.7361028251254, 953.9019324845918, 952.6911597142672, 914.8697223643682, 732.184500962071, 772.5352644996291, 51.33689427958439, 622.0205118220035, 934.7303512946365, 48.156063358092396, 894.3832538377167, 914.9307841210705, 958.4195149726672, 970.4510873573333, 915.8154549155905, 959.1520569284875, 936.4521039881272, 940.2119380032856, 860.0175817948001, 942.4502413642557, 648.8899215158697, 67.70742881116156, 928.8369166538273, 985.4282165722916, 914.1154422874604, 888.7163700843943, 955.1383473942991, 777.5123152085354, 855.9663197589449, 935.9423951872861, 927.4703115007221, 911.3073794575549, 960.5013280551733, 983.8450313744436, 39.2439319210314, 805.7255100313964, 936.7179396015624, 774.3060063824788, 928.4620168728771, 856.8597937314463, 910.8796685244273, 946.5189874724508, 973.3191264239298, 955.1373470999998, 817.3514137060362, 901.5526580096407, 969.5145854388815, 916.4987924346609, 129.28978543533464, 908.8678438146094], "episode_types": ["t", "t", "t", "t", "t", "t", "t", "t", "t", "t", "t", "t", "t", "t", "t", "t", "t", "t", "t", "t", "t", "t", "t", "t", "t", "t", "t", "t", "t", "t", "t", "t", "t", "t", "t", "t", "t", "t", "t", "t", "t", "t", "t", "t", "t", "t", "t", "t", "t", "t", "t", "t", "t", "t", "t", "t", "t", "t", "t", "t", "t", "t", "t", "t", "t", "t", "t", "t", "t", "t", "t", "t", "t", "t", "t", "t", "t", "t", "t", "t", "t", "t", "t", "t", "t", "t", "t", "t", "t", "t", "t", "t", "t", "t", "t", "t", "t", "t", "t", "t", "t", "t", "t", "t", "t", "t", "t", "t", "t", "t", "t", "t", "t", "t", "t", "t", "t", "t", "t", "t", "t", "t", "t", "t", "t", "t"]}