{"initial_reset_timestamp": 1622707319.9331996, "timestamps": [1622707344.003655, 1622707375.6734653, 1622707375.8789196, 1622707375.9789982, 1622707376.0759218, 1622707376.1726391, 1622707376.2691998, 1622707376.3708327, 1622707403.490185, 1622707403.7738206, 1622707403.9238813, 1622707404.0659194, 1622707404.198617, 1622707404.3207705, 1622707404.447178, 1622707404.5705712, 1622707404.6924782, 1622707404.8143437, 1622707404.9330442, 1622707405.0625322, 1622707405.1945033, 1622707405.3162751, 1622707405.4351199, 1622707405.553859, 1622707405.6721592, 1622707405.7901065, 1622707405.9081392, 1622707431.3541675, 1622707431.5978987, 1622707431.747013, 1622707431.8936934, 1622707432.029626, 1622707432.1582062, 1622707432.2892504, 1622707432.4201095, 1622707432.561512, 1622707432.6878614, 1622707432.8175902, 1622707432.946637, 1622707433.0672364, 1622707433.197881, 1622707433.3219821, 1622707433.4445505, 1622707433.5674326, 1622707433.690173, 1622707433.8107677, 1622707433.9322317, 1622707434.0529957, 1622707434.1740963, 1622707434.294704, 1622707434.4162307, 1622707434.5370922, 1622707434.6593401, 1622707434.7803342, 1622707434.901238, 1622707435.021778, 1622707435.1440632, 1622707435.2634935, 1622707435.3850405, 1622707435.507473, 1622707435.628301, 1622707435.7491899, 1622707435.8805919, 1622707436.0051148], "episode_lengths": [1000, 1000, 1000, 1000, 1000, 1000, 1000, 1000, 1000, 1000, 1000, 1000, 1000, 1000, 1000, 1000, 1000, 1000, 1000, 1000, 1000, 1000, 1000, 1000, 1000, 1000, 1000, 1000, 1000, 1000, 1000, 1000, 1000, 1000, 1000, 1000, 1000, 1000, 1000, 1000, 1000, 1000, 1000, 1000, 1000, 1000, 1000, 1000, 1000, 1000, 1000, 1000, 1000, 1000, 1000, 1000, 1000, 1000, 1000, 1000, 1000, 1000, 1000, 1000], "episode_rewards": [-1.0514507990770046, -22.314992318949432, 0.7604022071823275, -1.347540304273231, 25.047892726851455, 11.38258632292793, 0.27922206463822435, -97.18939724074586, -55.05728718594285, 0.46475095511264103, -1.6014941903830482, 0.26836799155547386, 85.03132120912997, -381.47398298777523, 6.704596198196856, -0.43940097753413926, 0.6013766034723759, 0.6655536429787047, -0.7241267788524508, -22.36493735054863, -1.5315444837396652, -0.1618079234907189, -1.2561682168402912, -156.42822689728808, -2.4962883804505394, -1.4047820961863495, -46.20569266745471, -0.2621470177451143, -0.41234748128739196, -0.48903575816265393, -42.36376592091711, -0.6070638855678288, -0.16400268386476785, -1.7774468322412047, -314.8565469493137, -1.104964755816535, 0.23410956185809448, -1.0712773188523859, -0.9094627909920089, 346.0957192387599, -0.690863135738133, 0.4768089366365559, 0.35036044821210366, 0.1420882302288775, -0.27543177667480206, 1.0129786065564708, -0.6656884485668381, -1.1595504846780769, 2.100670407018178, -0.6651247885040185, -0.7083055809292941, -1.0899684507503131, 5.945488281314662, 0.4690719548814095, 0.9601987175259082, -2.1059342396593177, -1.515056303412947, -17.901844206694673, 0.32180540344484243, 39.425505847491785, -1.19126737205313, 0.34789316923462743, -0.40378234114288336, -0.5283272428561121], "episode_types": ["t", "t", "t", "t", "t", "t", "t", "t", "t", "t", "t", "t", "t", "t", "t", "t", "t", "t", "t", "t", "t", "t", "t", "t", "t", "t", "t", "t", "t", "t", "t", "t", "t", "t", "t", "t", "t", "t", "t", "t", "t", "t", "t", "t", "t", "t", "t", "t", "t", "t", "t", "t", "t", "t", "t", "t", "t", "t", "t", "t", "t", "t", "t", "t", "t"]}